rung,epochs,auc,auc_mse,auc_gradient,auc_contrast,auc_edge,val_mse,latent_dim,lr,batch_size,warmup_epochs,beta,lam_grad,lam_con
0,1,0.5080658436213992,0.5055144032921811,0.5335390946502058,0.5125925925925926,0.4968106995884773,0.028064105659723282,96,0.00022424497911438098,4,2,0.00010790840445381386,0.0,0.0
0,1,0.5082304526748971,0.5064197530864197,0.5320987654320988,0.5131893004115227,0.4968106995884773,0.033734165132045746,96,0.0015366757947833174,4,3,0.002877352845007084,1.0,1.0
0,1,0.5075720164609054,0.5081275720164609,0.5173662551440329,0.515761316872428,0.4968106995884773,0.02928154170513153,56,0.0011497664195710302,8,3,0.005185713905447034,0.0,1.0
0,1,0.5083539094650206,0.506872427983539,0.5208641975308642,0.514156378600823,0.4968106995884773,0.029532326385378838,32,0.0008882844925274232,8,1,0.005325468800563895,0.0,1.0
0,1,0.5119753086419753,0.5070164609053498,0.5331687242798353,0.5117283950617284,0.4968106995884773,0.025501463562250137,32,0.0003543997342513501,2,2,0.00017724196368997132,0.0,0.0
0,1,0.5088888888888888,0.5069958847736626,0.5321399176954733,0.5131275720164609,0.4968106995884773,0.035923685878515244,64,0.0006939790579513853,2,3,0.0005852684435879784,0.3,3.0
0,1,0.508724279835391,0.5050617283950618,0.5312345679012346,0.511687242798354,0.4968106995884773,0.030624646693468094,96,0.0007784031411843802,8,5,0.0023817351228439657,1.0,1.0
0,1,0.5101234567901235,0.5053497942386831,0.525843621399177,0.5133950617283951,0.4968106995884773,0.0302430409938097,48,0.0001498392037533322,4,3,0.0011238507634792616,0.3,0.3
0,1,0.5091769547325103,0.5069547325102881,0.5237037037037038,0.514485596707819,0.4968106995884773,0.023623956367373466,56,0.0014332903756549436,4,1,0.0005195057914303151,3.0,1.0
0,1,0.5076954732510287,0.5053086419753087,0.5213168724279835,0.5070370370370372,0.4968106995884773,0.03879277780652046,56,0.00026207778429087627,8,3,0.00047404814449621233,3.0,0.3
0,1,0.5096296296296297,0.502880658436214,0.527283950617284,0.5132510288065844,0.4968106995884773,0.03483840450644493,48,0.0001973807848759655,8,3,0.0001472416539427243,1.0,0.3
0,1,0.5104938271604937,0.5067901234567902,0.5295884773662551,0.5122633744855967,0.4968106995884773,0.034454964101314545,96,0.0010549400972028997,2,1,0.005661981703471364,0.0,0.0
0,1,0.5117283950617284,0.5053086419753087,0.5328806584362139,0.5126131687242799,0.4968106995884773,0.029097501188516617,64,0.0001568062276557344,4,5,0.003914249822693202,0.3,1.0
0,1,0.5106584362139918,0.502962962962963,0.5237448559670782,0.5128395061728396,0.4968106995884773,0.036580074578523636,48,0.0001168497241241371,4,2,0.00024947445872003463,3.0,0.0
0,1,0.5120987654320989,0.5046090534979424,0.5417489711934156,0.5132716049382716,0.4968106995884773,0.03096962161362171,64,0.00024451469945572054,4,5,0.0002506287499128496,1.0,3.0
0,1,0.5092592592592593,0.5055555555555555,0.5369958847736626,0.5138683127572017,0.4968106995884773,0.02802995592355728,96,0.0002982931076728239,4,1,0.0018122424665646287,3.0,3.0
0,1,0.508641975308642,0.5102674897119341,0.5155555555555555,0.514156378600823,0.4968106995884773,0.02653859741985798,56,0.0017416771005267931,4,1,0.0007086915421096946,0.3,3.0
0,1,0.5112345679012346,0.5090534979423869,0.5267078189300411,0.5154320987654322,0.4968106995884773,0.02620766870677471,64,0.001966189881595504,4,5,0.0008319366913037666,3.0,3.0
0,1,0.5112345679012347,0.5074074074074074,0.5284979423868312,0.5151851851851852,0.4968106995884773,0.02905716560781002,56,0.0004876472823645984,4,1,0.0006750123188717694,3.0,0.3
0,1,0.507119341563786,0.5061728395061729,0.5192798353909466,0.51440329218107,0.4968106995884773,0.024866901338100433,64,0.0008403994149303226,8,5,0.00016977168792078984,0.0,1.0
0,1,0.5089711934156379,0.5061728395061729,0.5263786008230453,0.5134156378600823,0.4968106995884773,0.024779004976153374,96,0.0018126086447053942,8,5,0.005336790818661367,0.0,0.0
0,1,0.5084362139917695,0.5068518518518519,0.5289300411522635,0.5145473251028807,0.4968106995884773,0.04007812589406967,96,0.0017553884379112013,4,1,0.00881571674687452,0.3,3.0
0,1,0.5090534979423869,0.5069958847736626,0.5230864197530863,0.512119341563786,0.4968106995884773,0.02446162886917591,48,0.00042071142006567586,8,2,0.004015699046024184,0.0,0.0
0,1,0.5069547325102881,0.5076543209876543,0.5183539094650207,0.5134156378600823,0.4968106995884773,0.02953987382352352,96,0.00022180398981396627,4,3,0.0007682554643764792,0.0,3.0
0,1,0.5098353909465021,0.5076337448559671,0.5336213991769547,0.5164609053497942,0.4968106995884773,0.02944437600672245,64,0.0008945570739323566,2,1,0.00011395430329268392,1.0,3.0
0,1,0.5097119341563786,0.5041975308641976,0.5248559670781893,0.5127366255144032,0.4968106995884773,0.04342242702841759,64,0.00010490332370442807,2,5,0.0010605165406999757,3.0,3.0
0,1,0.510946502057613,0.5081893004115227,0.5272016460905349,0.5137242798353909,0.4968106995884773,0.032037608325481415,48,0.0012408305099021243,2,3,0.00048822493650448506,0.0,0.0
1,3,0.511440329218107,0.5117283950617284,0.528395061728395,0.5216049382716049,0.4968106995884773,0.02254755236208439,64,0.00024451469945572054,4,5,0.0002506287499128496,1.0,3.0
1,3,0.5154320987654322,0.5169753086419753,0.5273251028806585,0.5298353909465021,0.4968106995884773,0.021384233608841896,32,0.0003543997342513501,2,2,0.00017724196368997132,0.0,0.0
1,3,0.5117695473251029,0.5099588477366255,0.5292181069958848,0.5160905349794238,0.4968106995884773,0.022231366485357285,64,0.0001568062276557344,4,5,0.003914249822693202,0.3,1.0
1,3,0.5109465020576132,0.5117078189300412,0.526522633744856,0.5214609053497942,0.4968106995884773,0.02523837424814701,56,0.0004876472823645984,4,1,0.0006750123188717694,3.0,0.3
1,3,0.5174485596707818,0.5104938271604939,0.53119341563786,0.5245267489711934,0.4968106995884773,0.021423446014523506,64,0.001966189881595504,4,5,0.0008319366913037666,3.0,3.0
1,3,0.514485596707819,0.5149382716049382,0.5249382716049383,0.5227572016460906,0.4968106995884773,0.022041020914912224,48,0.0012408305099021243,2,3,0.00048822493650448506,0.0,0.0
1,3,0.5082716049382716,0.5058024691358025,0.5238271604938272,0.5135185185185185,0.4968106995884773,0.027234826236963272,48,0.0001168497241241371,4,2,0.00024947445872003463,3.0,0.0
1,3,0.5116049382716049,0.512962962962963,0.5241975308641975,0.5182716049382716,0.4968106995884773,0.022833358496427536,96,0.0010549400972028997,2,1,0.005661981703471364,0.0,0.0
1,3,0.5110699588477366,0.5113374485596708,0.5275514403292181,0.5149176954732511,0.4968106995884773,0.020398570224642754,48,0.0001498392037533322,4,3,0.0011238507634792616,0.3,0.3
2,8,0.5195473251028807,0.5122633744855967,0.5274897119341564,0.5311522633744856,0.4968106995884773,0.022346213459968567,64,0.001966189881595504,4,5,0.0008319366913037666,3.0,3.0
2,8,0.5090534979423869,0.5078600823045267,0.5228395061728395,0.5133539094650206,0.4968106995884773,0.021934859454631805,32,0.0003543997342513501,2,2,0.00017724196368997132,0.0,0.0
2,8,0.5176131687242799,0.5125925925925926,0.52880658436214,0.5265020576131687,0.4968106995884773,0.024891972541809082,48,0.0012408305099021243,2,3,0.00048822493650448506,0.0,0.0
